<?xml version="1.0" encoding="UTF-8"?>
<project xmlns="http://maven.apache.org/POM/4.0.0" xmlns:xsi="http://www.w3.org/2001/XMLSchema-instance" xsi:schemaLocation="http://maven.apache.org/POM/4.0.0 http://maven.apache.org/maven-v4_0_0.xsd">
  <parent>
    <artifactId>spring-boot-starter-parent</artifactId>
    <groupId>org.springframework.boot</groupId>
    <version>1.5.10.RELEASE</version>
    <relativePath>pom.xml</relativePath>
  </parent>
  <modelVersion>4.0.0</modelVersion>
  <groupId>com.clus</groupId>
  <artifactId>myclus</artifactId>
  <name>myclus Maven Webapp</name>
  <version>0.0.1-SNAPSHOT</version>
  <url>http://maven.apache.org</url>
  <build>
    <finalName>csv-docker-spring-boot</finalName>
    <plugins>
      <plugin>
        <artifactId>maven-shade-plugin</artifactId>
      </plugin>
    </plugins>
  </build>
  <dependencies>
    <dependency>
      <groupId>org.springframework.boot</groupId>
      <artifactId>spring-boot-starter-web</artifactId>
      <version>2.2.2.RELEASE</version>
      <scope>provided</scope>
    </dependency>
    <dependency>
      <groupId>org.springframework.boot</groupId>
      <artifactId>spring-boot-starter</artifactId>
      <version>2.2.2.RELEASE</version>
      <scope>provided</scope>
      <exclusions>
        <exclusion>
          <artifactId>commons-logging</artifactId>
          <groupId>commons-logging</groupId>
        </exclusion>
      </exclusions>
    </dependency>
    <dependency>
      <groupId>org.springframework.boot</groupId>
      <artifactId>spring-boot-starter-parent</artifactId>
      <version>2.1.6.RELEASE</version>
      <type>pom</type>
      <scope>compile</scope>
    </dependency>
    <dependency>
      <groupId>junit</groupId>
      <artifactId>junit</artifactId>
      <version>4.12</version>
      <scope>provided</scope>
    </dependency>
    <dependency>
      <groupId>dom4j</groupId>
      <artifactId>dom4j</artifactId>
      <version>1.6.1</version>
      <scope>provided</scope>
    </dependency>
    <dependency>
      <groupId>jaxen</groupId>
      <artifactId>jaxen</artifactId>
      <version>1.1.6</version>
      <scope>provided</scope>
    </dependency>
    <dependency>
      <groupId>org.hamcrest</groupId>
      <artifactId>hamcrest-all</artifactId>
      <version>1.3</version>
      <scope>provided</scope>
    </dependency>
    <dependency>
      <groupId>org.springframework.boot</groupId>
      <artifactId>spring-boot-devtools</artifactId>
      <version>1.3.0.RELEASE</version>
      <scope>provided</scope>
    </dependency>
    <dependency>
      <groupId>org.apache.commons</groupId>
      <artifactId>commons-csv</artifactId>
      <version>1.5</version>
      <scope>provided</scope>
    </dependency>
    <dependency>
      <groupId>org.apache.commons</groupId>
      <artifactId>commons-io</artifactId>
      <version>1.3.2</version>
      <scope>compile</scope>
    </dependency>
  </dependencies>
  <properties>
    <jacoco.version>0.8.2</jacoco.version>
    <maven.compiler.source>1.8</maven.compiler.source>
    <maven.compiler.target>1.8</maven.compiler.target>
  </properties>
</project>

